{
    "time": 0.0,
    "particles": [
        {
            "mass": 25,
            "position": [-1.15384615, 0.0, 0.0],
            "velocity": [0.0, 7.42673025, 0.0]
        },
        {
            "mass": 1,
            "position": [28.84615385, 0.0,  0.0],
            "velocity": [0.0, -185.66825625, 0.0]
        }
    ]
}
