{
    "time": 0.0,
    "particles": [
        {
            "mass": 25,
            "position": [-0.05769231, 0.0, 0.0],
            "velocity": [0.0, 46.37991555, 0.0]
        },
        {
            "mass": 1,
            "position": [1.44230769, 0.0,  0.0],
            "velocity": [0.0, -1159.49788867, 0.0]
        }
    ]
}
