{
    "time": 0.0,
    "particles": [
        {
            "mass": 10.0,
            "position": [50.0, 0.0, 0.0],
            "velocity": [0.0, -46.379915546878124  , 0.0]
        },
        {
            "mass": 10.0,
            "position": [-50.0, 0.0, 0.0],
            "velocity": [0.0, 46.379915546878124, 0.0]
        }
    ]
}
